{"version":0.1,"globalEnvironmentVariables":[],"tasks":[{"task":"taskA","dependsOn":[],"location":{"x":71.625,"y":65}},{"task":"taskB","dependsOn":["taskA"],"location":{"x":407.46397719419485,"y":-49.05114029025572}},{"task":"taskC","dependsOn":[],"location":{"x":407.8233413959917,"y":213.8079622958927}},{"task":"taskD","dependsOn":[],"location":{"x":707.4086903939185,"y":64.53360154952087}}]}